{"eval/success_once":0.625,"_timestamp":1.7656666804362407e+09,"train/return":23.055673599243164,"train/success_once":0,"time/rollout_fps":6788.777332697938,"losses/value_loss":0.005893299356102943,"time/total_eval_time":14.214537409992772,"time/rollout_time":3.770929395002895,"eval/episode_len":50,"charts/learning_rate":0.0003,"eval/success_at_end":0.25,"time/update_time":0.4153830309951445,"time/total_rollout+update_time":534.5449084659922,"_step":3020800,"train/episode_len":50,"time/step":2995200,"losses/entropy":2.684260845184326,"eval/return":26.953147888183594,"losses/explained_variance":0.9568155407905579,"losses/policy_loss":0.04466298595070839,"losses/approx_kl":0.2060449868440628,"train/reward":0.46111348271369934,"charts/SPS":5440,"_runtime":554.879679766,"_wandb":{"runtime":554},"time/eval_time":2.839476252993336,"losses/old_approx_kl":0.0328390933573246,"time/total_update_time":188.98816502495902,"losses/clipfrac":0.36883063710504965,"eval/reward":0.5390629768371582,"time/total_rollout_time":345.5567434410332}