{"time/update_time":0.5615850809990661,"losses/explained_variance":0.3772178292274475,"losses/entropy":7.0209174156188965,"eval/success_once":0,"time/total_eval_time":45.858392148977146,"losses/approx_kl":0.2733837366104126,"_runtime":1393.398180033,"losses/value_loss":0.006701324600726366,"_wandb":{"runtime":1393},"time/total_rollout+update_time":1343.669304406285,"losses/old_approx_kl":0.05760194733738899,"train/reward":0.11289520561695099,"losses/policy_loss":-0.037197716534137726,"_step":9984000,"time/total_rollout_time":965.8555720061995,"eval/return":5.320591926574707,"time/step":9984000,"eval/success_at_end":0,"charts/SPS":7166,"time/eval_time":2.850196756000514,"_timestamp":1.7656674129288888e+09,"time/rollout_fps":9389.838559432575,"eval/episode_len":50,"eval/reward":0.10641183704137802,"losses/clipfrac":0.40456079928254757,"train/return":5.6447601318359375,"charts/learning_rate":0.0003,"time/total_update_time":377.8137324000854,"time/rollout_time":2.7263514530059183,"train/success_once":0,"train/episode_len":50}