{"eval/reward":0.7723147869110107,"_step":9984000,"time/step":9984000,"time/rollout_time":3.726998023004853,"eval/return":38.61573791503906,"eval/success_at_end":1,"_runtime":1727.582373815,"train/episode_len":19.2608699798584,"time/total_eval_time":45.761737576001906,"time/update_time":0.5395490499940934,"time/total_rollout_time":1354.0822446591628,"time/rollout_fps":6868.798921272372,"losses/policy_loss":0.029669588431715965,"time/eval_time":2.9240146640077,"losses/clipfrac":0.5572916531846637,"charts/learning_rate":0.0003,"train/return":7.842226982116699,"time/total_rollout+update_time":1678.041320797929,"losses/explained_variance":0.9551149010658264,"charts/SPS":5780,"_wandb":{"runtime":1727},"eval/success_once":1,"_timestamp":1.7656630069976633e+09,"losses/approx_kl":0.2112635374069214,"losses/old_approx_kl":0.2882874608039856,"time/total_update_time":323.95907613876625,"train/success_once":1,"losses/entropy":-4.849492073059082,"losses/value_loss":0.01859160326421261,"train/reward":0.40874016284942627,"eval/episode_len":50}