{"time/total_rollout_time":974.0435524337954,"time/total_rollout+update_time":1269.179559466851,"losses/value_loss":0.02177094668149948,"losses/approx_kl":0.22100955247879028,"charts/learning_rate":0.0003,"time/rollout_time":3.5398602670029504,"_runtime":1313.137869655,"eval/reward":0.7916136980056763,"_timestamp":1.7656609479783065e+09,"time/step":7680000,"train/return":8.268805503845215,"eval/success_at_end":1,"eval/return":39.580684661865234,"eval/success_once":1,"_wandb":{"runtime":1313},"losses/old_approx_kl":0.2443293333053589,"train/episode_len":24.55172348022461,"train/reward":0.3705011308193207,"losses/entropy":-3.9684677124023438,"_step":7680000,"time/rollout_fps":7231.923880903479,"train/success_once":0.8620689511299133,"losses/policy_loss":0.141745924949646,"time/update_time":0.4093657929915935,"time/total_update_time":295.13600703305565,"losses/clipfrac":0.5266406135633588,"losses/explained_variance":0.9491301774978638,"charts/SPS":5885,"eval/episode_len":50,"time/total_eval_time":32.952373676002026,"time/eval_time":2.7536836990038864}