{"eval/episode_len":50,"time/eval_time":2.7762042049871525,"time/step":9984000,"train/success_once":1,"charts/SPS":5967,"time/total_eval_time":45.39254228200298,"_timestamp":1.7656628945450878e+09,"train/return":7.842226982116699,"charts/learning_rate":0.0003,"eval/return":38.61573791503906,"eval/success_once":1,"time/rollout_fps":7216.207199037846,"losses/old_approx_kl":0.2882874608039856,"losses/policy_loss":0.029669588431715965,"time/rollout_time":3.5475699760136195,"_step":9984000,"losses/explained_variance":0.9551149010658264,"time/update_time":0.5356161480012815,"losses/value_loss":0.01859160326421261,"train/reward":0.40874016284942627,"losses/clipfrac":0.5572916531846637,"_wandb":{"runtime":1673},"time/total_update_time":320.8212522970425,"_runtime":1673.48460971,"train/episode_len":19.2608699798584,"losses/approx_kl":0.2112635374069214,"time/total_rollout_time":1302.2508167587948,"time/total_rollout+update_time":1623.0720690558373,"eval/reward":0.7723147869110107,"eval/success_at_end":1,"losses/entropy":-4.849492073059082}